{
    "rmse": 0.8575974130038236,
    "mae": 0.6584440904205908,
    "r2": 0.050356573494720114
}